{
  "$comment": "Automatically generated by scripts/boost/generate-ports.ps1",
  "name": "boost-hana",
  "version": "1.89.0",
  "description": "Boost hana module",
  "homepage": "https://www.boost.org/libs/hana",
  "license": "BSL-1.0",
  "dependencies": [
    {
      "name": "boost-cmake",
      "version>=": "1.89.0"
    },
    {
      "name": "boost-config",
      "version>=": "1.89.0"
    },
    {
      "name": "boost-core",
      "version>=": "1.89.0"
    },
    {
      "name": "boost-fusion",
      "version>=": "1.89.0"
    },
    {
      "name": "boost-headers",
      "version>=": "1.89.0"
    },
    {
      "name": "boost-mpl",
      "version>=": "1.89.0"
    },
    {
      "name": "boost-tuple",
      "version>=": "1.89.0"
    }
  ]
}
