{
  "$comment": "Automatically generated by scripts/boost/generate-ports.ps1",
  "name": "boost-mqtt5",
  "version": "1.89.0",
  "description": "Boost mqtt5 module",
  "homepage": "https://www.boost.org/libs/mqtt5",
  "license": "BSL-1.0",
  "supports": "!uwp",
  "dependencies": [
    {
      "name": "boost-asio",
      "version>=": "1.89.0"
    },
    {
      "name": "boost-assert",
      "version>=": "1.89.0"
    },
    {
      "name": "boost-cmake",
      "version>=": "1.89.0"
    },
    {
      "name": "boost-config",
      "version>=": "1.89.0"
    },
    {
      "name": "boost-container",
      "version>=": "1.89.0"
    },
    {
      "name": "boost-core",
      "version>=": "1.89.0"
    },
    {
      "name": "boost-endian",
      "version>=": "1.89.0"
    },
    {
      "name": "boost-fusion",
      "version>=": "1.89.0"
    },
    {
      "name": "boost-headers",
      "version>=": "1.89.0"
    },
    {
      "name": "boost-optional",
      "version>=": "1.89.0"
    },
    {
      "name": "boost-random",
      "version>=": "1.89.0"
    },
    {
      "name": "boost-range",
      "version>=": "1.89.0"
    },
    {
      "name": "boost-smart-ptr",
      "version>=": "1.89.0"
    },
    {
      "name": "boost-spirit",
      "version>=": "1.89.0"
    },
    {
      "name": "boost-system",
      "version>=": "1.89.0"
    },
    {
      "name": "boost-type-traits",
      "version>=": "1.89.0"
    }
  ]
}
