{
  "$comment": [
    "NOTE: All changes made to this file will get overwritten by the next port release.",
    "Please contribute your changes to https://github.com/Azure/azure-sdk-for-cpp."
  ],
  "name": "azure-storage-files-datalake-cpp",
  "version-semver": "12.13.0",
  "description": [
    "Microsoft Azure Storage Files Data Lake SDK for C++",
    "This library provides Azure Storage Files Data Lake SDK."
  ],
  "homepage": "https://github.com/Azure/azure-sdk-for-cpp/tree/main/sdk/storage/azure-storage-files-datalake",
  "license": "MIT",
  "dependencies": [
    {
      "name": "azure-storage-blobs-cpp",
      "default-features": false,
      "version>=": "12.15.0"
    },
    {
      "name": "vcpkg-cmake",
      "host": true
    },
    {
      "name": "vcpkg-cmake-config",
      "host": true
    }
  ]
}
