{
  "$comment": "Automatically generated by scripts/boost/generate-ports.ps1",
  "name": "boost-hash2",
  "version": "1.89.0",
  "description": "Boost hash2 module",
  "homepage": "https://www.boost.org/libs/hash2",
  "license": "BSL-1.0",
  "dependencies": [
    {
      "name": "boost-assert",
      "version>=": "1.89.0"
    },
    {
      "name": "boost-cmake",
      "version>=": "1.89.0"
    },
    {
      "name": "boost-config",
      "version>=": "1.89.0"
    },
    {
      "name": "boost-container-hash",
      "version>=": "1.89.0"
    },
    {
      "name": "boost-describe",
      "version>=": "1.89.0"
    },
    {
      "name": "boost-headers",
      "version>=": "1.89.0"
    },
    {
      "name": "boost-mp11",
      "version>=": "1.89.0"
    }
  ]
}
